"name","price","no_of_reviews"
"OnePlus Bullets Wireless Z in-Ear Bluetooth Earphones with Mic (Black)","1,999","864"
"Mi True Wireless Earphones 2 with Mic (White)","4,499","71"
"OPPO ENCO W31 True Wireless Earphone with Dual-Mic (White)","3,999","29"
"Vivo V19 (Mystic Silver, 8GB RAM, 128GB Storage) with No Cost EMI/Additional Exchange Offers","27,990","13"
"Big Traders Handsfree InEar Earphone with 2 mic (White) for Samsung and All Smart Phone","245","6"
"Noise Shots X5 PRO True Wireless Earbuds Powered by Qualcomm aptX with 150 Hours Total Playtime (Charcoal Grey)","4,999","8"
"Vivo V19 (Piano Black, 8GB RAM, 128GB Storage) with No Cost EMI/Additional Exchange Offers","27,990","13"
"Huawei Watch GT 2e Sport (Graphite Black) + Wireless Headsets","11,990","13"
"JGD PRODUCTS® [ Pack of 1 ] Samsung Galaxy M31/M21/M30S/M30 (Except Edges) Tempered Glass | Case Friendly Tempered glass with Installation kit","129","177"
"Mi 10 (Coral Green, 8GB RAM, 128GB Storage) - 108MP Quad Camera, SD 865 Processor, 5G Ready","49,999","1"
"Mi Wireless Power Bank 10000mAh (Black, with Type-C Support, 18W Fast Charging)","2,499","5"
"Mi 10W Charger with Cable (1.2 Meter, Black)","499","7,243"
"Amozo Type C to 3.5 mm Jack Audio Connector, Noise Cancelling Headphones Jack Converter Audio Adapter for OnePlus 7T / 7 Pro / 1+6/1+6T","299","174"
"FASTX™ Type C to 3.5 mm Jack Audio Connector, Noise Cancelling Headphones Jack Converter Audio Adapter for OnePlus Phones","322","1"
"Mi 10 (Twilight Grey, 8GB RAM, 128GB Storage) - 108MP Quad Camera, SD 865 Processor, 5G Ready","49,999","7"
"HUAWEI Y9s (Breathing Crystal, 6GB RAM, 128GB Storage)","19,990","2"
"UTRONICS™ Mobile Battery for Redmi Note 4 / Mi Note 4 / BN43 4000mAh Genuine Battery","699","3"
"Shopyholik® Latest Wireless TWS i7s Bluetooth Earphones Headsets Ear Buds with Charging Box and Mic - White","439","1"
"Mi 10 (Coral Green, 8GB RAM, 256GB Storage) - 108MP Quad Camera, SD 865 Processor, 5G Ready","54,999","2"
"Infinizy D30 Bass Curve Neck Band in-Ear Bluetooth Wireless Earphones, with Bluetooth 5.0, Sweatproof Headphones, Long Life Battery, Flexible Headset and Built-in Mic","649","1"
"Mi 10 (Twilight Grey, 8GB RAM, 256GB Storage) - 108MP Quad Camera, SD 865 Processor, 5G Ready","54,999","174"
"FASTX™ Trending Mclaren Edition Type C to 3.5 mm Jack Audio Connector, Noise Cancelling Headphones Jack Converter Audio Adapter for OnePlus Phones","322","1"
"Alakazam Super Bass, Wired Earphones with Immersive Audio, Multi-Function Button, in-line Microphone for All Mobile (Black Color)","129","24"
"ONCRO® Black Metal 2 in 1 Type C to 3.5mm Aux Headphone Splitter Adapter Jack & Charging Jack Converter for Oneplus 6t, 7, 7 pro.","412",""
"Lustree for Redmi Note 9 Pro/Redmi Note 9 Pro Max Case,Soft TPU Transparent Boom Anti Slip Scratch Shockproof Resistant Protective Cover Clear Case for Redmi Note 9 Pro/Redmi Note 9 Pro Max","229","24"
"Nishtech for Samsung Galaxy M31/M21 Premium Anti-Fingerprint Scratch Resistant Matte Hammer Proof Impossible Nano Film Screen Protector [Better Than Tempered Glass] Screen Guard","149","23"
"Honor 9X (Sapphire Blue, 6+128GB Storage) -Pop up Front Camera & 48MP Triple Rear Camera","16,999","3"
"ShopeeQ Matt Screen Guard For Poco X2 / Redmi K30 Matte Ceramic Film with Edge To Edge Cover - Pack of 1 (It's Not Glass)","299","1"
"Technofill Hbs-730 Neckband Bluetooth Headphones Wireless Sport Stereo Headsets Hands-Free Earphones with Inbuilt Mic for All Smartphones","349","7"
"HUAWEI Y9s (Midnight Black, 6GB RAM, 128GB Storage)","19,990","24"
"Nishtech for Samsung Galaxy M31/M30S/M30 Premium Anti-Fingerprint Scratch Resistant Matte Hammer Proof Impossible Nano Film Screen Protector [Better Than Tempered Glass] Screen Guard","149","177"
"JGD PRODUCTS® Edge to Edge Tempered Glass Screen Protector for Samsung Galaxy M31/M21/M30S/M30/A20/A30 with Installation kit (Pack of 2)","299","1"
"POPIO Back Cover Case Designed for Redmi Note 8 (Black)","119","45"
"OPPO A31 (Mystery Black, 6GB RAM, 128GB Storage) with No Cost EMI/Additional Exchange Offers","14,990","1"
"NJ Washable Reusable PPE Safety Coverall with Shoe cover, for Factory people, dental Clinic, Security Guards, Housekeeping, Ground Staff, Airport Staff, Bank person, Delivery Boys for daily use: 1 Pc.","1,799","1"
"Big Traders Headset for Samsung 3. 5 mm Jack Hands-Free Headset Earphones for Samsung and All Smartphones","220","45"
"OPPO A31 (Fantasy White, 6GB RAM, 128GB Storage) with No Cost EMI/Additional Exchange Offers","14,990","24"
"MINISO Fruit Series in-Ear Headphones with Microphone, Comfortable Earbuds Earphones for Mobile Smartphones Apple Xiaomi Realme Oppo Samsung - Black","190",""
"Nishtech for Redmi Note 7/Note 7S/Note 7 pro Premium Anti-Fingerprint Scratch Resistant Matte Hammer Proof Impossible Nano Film Screen Protector [Better Than Tempered Glass] Screen Guard","149",""
"GKW QC-10 Bluetooth Earphone Wireless Headphones for Mobile Phone","299",""
"Coolgadgetz Sports Earphone with Mic,HD Sound and Noise Cancellation (Looks Same Like Apple Earphone 3.55mm)","169",""
"CoKo 6D Screen Protector for iPhone SE 2020 Tempered Glass Full Glue Edge to Edge scratchproof Guard Screen Guard for iPhone SE 2020 with Free Installation kit - Black","199",""
"Coolgadgetz Earphone with Mic, Noise Cancellation and Deep Bass Compatible iPhone X/XR/XS/XS Max / 11 / 11Pro/ 8 Plus / 8/7 Plus. (White) (Apple Lookalike Earphones)(Bluetooth Must be on While Using)","949",""
"Runvy Tempered Glass for Xiaomi Poco X2 / Xiaomi Redmi Note 9 Pro & Note 9 Pro MAX (Black) Edge to Edge Full Screen Coverage with Installation Kit","218",""
"Lovie's Accessories i-7Tws Series Bluetooth Wireless Earphones with Mic | Twin Use in Ear Hands Free Compatible with Apple i Phone, Samsung Oppo, Xiaomi Mobile Phones","599",""
"MINISO Unique Earphone with Mic and Controller, in-Ear Noise Cancellation Headphones for Mobile Smartphones (Red)","190",""
"UTRONICS™ Mobile Battery for Samsung Galaxy On5 / On5 Pro/SM-G550F / EB-BG530CBN 2600mAh Genuine Battery","599",""
"NJ Washable PPE Coverall with shoe cover and Durable Face Shield 2 mm thickness (Size 12x9 Inches),100% water-repellent PPE kit, For dental Clinic,Security Guard,Housekeeping,Ground Staff,Airport Staff,Bank person,Delivery Boys for daily use:2 Pcs Set.","649",""
"URBAN ARMOR GEAR UAG Designed for OnePlus 8 Pro Case [6.78-inch Screen] Plasma [Ice] Rugged Translucent Ultra-Thin Military Drop Tested Protective Cover","1,699","7"
"Case Creation OnePlus 7 Transparent Case,Dotted Finish Ultra Thin Silicone Soft Jelly Case Back Cover for Oneplus 7 - Transparent Mobile Phone Case,Back Case,Back Cover","299","1"
"Lustree Armor Rugged Shock Proof Case Cover for Samsung Galaxy M31-Black","299","1"
"Cassby Poly Carbonate Back Cover for Redmi Mi 8A Dual - Blue","299","75"
"Case Creation Silicon Flexible Shockproof Corner TPU Back Case Cover for Samsung Galaxy M31 | Anti Slip - Anti Grip Design (Transparent Phone Soft TPU case)","299","24"
"Pikkme Galaxy M31 Flip Cover Magnetic Leather Wallet Case Shockproof TPU for Samsung Galaxy M31 (Blue)","399","1"
"Soezit Anti Explosion Tempered Glass for iPhone SE 2020,9H Hardness,2.5d D, Ultra Clear, Anti Scratch Free Anti Finger Print","149","24"
"Lustree Oppo F15 Back Case, [2 in 1] 360-degree Rotating Bracket, Mixed Heavy-Duty Double-Layer Protective Cover Case for Oppo F15 (Black)","399","2"
"NISHTECH® Dash Charge 5V 4A Adapter with Type C USB Dash Fast Charging Cable Compatible for OnePlus 7Pro 7T 7TPro and Dash Charge for OnePlus 3 3T 5 5T 6 6T 7(Charger)","99","1"
"Nishtech for OnePlus 7T Premium Anti-Fingerprint Scratch Resistant Matte Hammer Proof Impossible Nano Film Screen Protector [Better Than Tempered Glass] Screen Guard","199","3"
"Gear Guard 9H Hardness Screen Protector for NoiseFit Endure (Pack of 2)","1,099","1,525"
"VBCFT Compatible BM4E Battery for Xiaomi Mi Poco F1 4000mAh","599","24"
"OBRONICS Ultra Fast Speed 2.8A Charger for Mi Note 4 / Mi 5A / Mi Note 5 / Note 5 Pro/ 6 / 6A with Full Copper Charging Cable (Black)","149","14"
"Nishtech for OnePlus 7 (2019) Premium Anti-Fingerprint Scratch Resistant Matte Hammer Proof Impossible Nano Film Screen Protector [Better Than Tempered Glass] Screen Guard","299",""
"Lustree Rugged Armour TPU Military Grade Back Cover Case for Samsung Galaxy M31 (Black) (M31 auto Focus)","829",""
"MOTOTIVE ThunderBeats Bluetooth Earphones Wireless with Mic, HD Sound, Powerful Bass, Long Battery Life. Bluetooth Headset with Sweat Proof","399",""
"Pikkme Galaxy M31 Flip Cover Magnetic Leather Wallet Case Shockproof TPU for Samsung Galaxy M31 (Brown)","599",""
"UTRONICS™ Mobile Battery for Lenovo A6000 (BL242) BL-242 / BL242 2300mAh Genuine Battery","1,699",""
"URBAN ARMOR GEAR UAG Designed for OnePlus 8 Case [6.55-inch Screen] Plasma [Ash] Rugged Translucent Ultra-Thin Military Drop Tested Protective Cover","549",""
"i11 Mini Wireless Bluetooth Earphone Stereo IMT 54179","449",""
"Rewy VK06 3110 Tripod Stand for Phone and Camera Adjustable Aluminium Alloy Tripod Stand Holder for Mobile Phones & Camera,Photo/Video Shoot/Random Colour","12,990",""
"HUAWEI Free Buds 3 (White)","149",""
"Nishtech for Redmi Note 5 pro Premium Anti-Fingerprint Scratch Resistant Matte Hammer Proof Impossible Nano Film Screen Protector [Better Than Tempered Glass] Screen Guard","329",""
"BRUSSEL Metal 2 in One Type-C to 3.5 MM Audio Jack Adapter||Free Head Noise Cancelling Connector|| Splitter ||Jack convertor|| Audio Adapter for OnePlus 7/7 Pro / 1+6/1+6T (Multi Colour)…","",""
"Frittle Multi-Functioning Waterproof 116 Pro Smart Wrist Watch for Men & Woman(Assorted Colour)","149","24"
"Nishtech for Iphone X/Xs Premium Anti-Fingerprint Scratch Resistant Matte Hammer Proof Impossible Nano Film Screen Protector [Better Than Tempered Glass] Screen Guard","399","193"
"Wayona Nylon Braided USB Data Sync & Charging Cable for iPhones, iPad Air, iPad Mini, iPod Nano and iPod Touch (1M, Jet Black)","549","28"
"UTRONICS™ Mobile Battery for Micromax Yuphoria YU 5010 / 5010A 2300mAh Genuine Battery","599","1"
"SkyTree Case for Samsung Galaxy M21, Ultra Fit Flip Folio Leather Case Cover with [Kickstand] [Card Slot] Magnetic Closure for Samsung Galaxy M21 - Black","599","24"
"Case U Tempered Glass for OnePlus 8 Pro Advanced Border-less Full Edge to Edge UV Screen Protector with installation kit - Pack of 1","1,799","1"
"NJ Washable Reusable PPE Safety Coverall with Shoe cover,for Factory people,dental Clinic,Security Guards,Housekeeping,Ground Staff,Airport Staff,Bank person,Delivery Boys for daily use (BLUE): 1 Pc.","150",""
"MINISO 2-Piece Zinc Alloy Ring Holder Finger Ring Stand for Mobile Phone Pink + Blue","99",""
"Akg Earphone","999",""
"RAEGR Arc 400 Type-C PD Qi-Certified 10W/7.5W Fast Wireless Charger with Fireproof ABS for iPhone11/11Pro/11Pro Max/Xs/Xs MAX/XR/X/8/8Plus,Galaxy S20+/Note10/Note10+/S10/S10Plus/S10E/Note9/S9- Black RG10121","599",""
"SkyTree Case for Samsung Galaxy M21, Ultra Fit Flip Folio Leather Case Cover with [Kickstand] [Card Slot] Magnetic Closure for Samsung Galaxy M21 - Blue","299",""
"Case Creation Latest Oppo F11 Pro Back Case,Ultra Thin 0.3mm Clear Transparent Flexible Soft TPU Slim Back Case Cover for Oppo F11 Pro Color - Transparent Full Cover Protection Design","4,499",""
"Urban Armor Gear UAG Galaxy S20 Ultra Case, Monarch Feather-Light Rugged Protection Case/Cover Designed for Galaxy S20 Ultra (6.9 inch) (Military Drop Tested) - Carbon Fiber","299",""
"Acm Tempered Glass Screenguard Compatible with Oneplus 8 Mobile Screen Guard","299",""
"Gear Guard Vivo V19 Screen Protector (9H Hardness Protector Better Than Tempered Glass) Including Front and Back | Rear Camera Guard.","399",""
"Newlike Robotic Shock Proof Duel Layer Hybrid Armor Back Cover Case with Kickstand for Samsung Galaxy S10 Lite - Black","299",""
"Wellpoint|Designed for||Samsung Galaxy m21 Cover Army Back case Transparent Blue Rubber Protective Protector TPU backcover Armor Black Hybrid Skin Pouches Covers","599",""
"Case U Tempered Glass for OnePlus 8 Advanced Border-less Full Edge to Edge UV Screen Protector with installation kit - Pack of 1","699",""
"SkyTree Case for Samsung Galaxy M21, Ultra Fit Flip Folio Leather Case Cover with [Kickstand] [Card Slot] Magnetic Closure for Samsung Galaxy M21 - Gold","149",""
"Lustree Ultra Thin Slim Fit 3M Clear Transparent 3D Carbon Fiber Back Skin Rear Screen Guard Protector Sticker Protective for Redmi Note 9 Pro/Redmi Note 9 Pro Max (Black Carbonn)","149",""
"Nishtech for Realme XT/X2 Premium Anti-Fingerprint Scratch Resistant Matte Hammer Proof Impossible Nano Film Screen Protector [Better Than Tempered Glass] Screen Guard","599",""
"VOZC 2A Fast Charger Compatible for Vivo V5s/Y66/Y53/ Y55s/ V5/ V5 Plus/Y21L/Y51L/V7 Plus/Y21/ V7/Y69/Y55L/V3 Max/X5 Pro/Y15/V3 All Models Fast Charging(VIVO)","299",""
"Case Creation Oneplus 6 Imported 0.3mm Crystal Clear Totu Silicone Transparent Flexible Soft Corner Protection with TPU Slim Back Case Color Variation Cover for One Plus 6","699",""
"UTRONICS™ Mobile Battery for Redmi Mi/Mi 5A / Xiomi 5A / BN34 3000mAh Genuine Battery","",""
"Big Traders Handsfree InEar Earphone with 2 mic (White) for All Smart Phone","299","1"
"FD1 S_S TWS L21 Wireless Earphones Bluetooth 5.0 Headphones Mini Stereo Earbuds Sport Headset Bass Sound Built-in Micphone Black","789","24"
"Tingtong Anti Glare Matte Finish Anti-Fingerprint Tempered Glass Screen Protector for Xiaomi Mi Redmi Note 9 Pro Max (Matte Transparent)","299","2"
"Nishtech for Redmi 8/8A/8A Dual Premium Anti-Fingerprint Scratch Resistant Matte Hammer Proof Impossible Nano Film Screen Protector [Better Than Tempered Glass] Screen Guard","149","1"
"BEASTBOX i12-TWS Touch Sensor Headphone Ear Buds Bluetooth 5.0 Wireless Headset with Mic & Charging Case","285","1"
"ONCRO® 3.5mm Audio Jack to Headphone Microphone Splitter Converter Adaptor 2 Male 1 Female/Dual Headphone Jack/Multi Headphone Splitter","189","4"
"Fashionury MOM DAD Printed Soft Mobile Back Cover Case Compatible for Realme 5/Realme 5s /Realme 5i","131","2"
"Anaya flexible camera lens protector for Xiaomi Redmi Note 9 Pro","649","24"
"UTRONICS™ Mobile Battery for Apple iPhone 5G / LIS1491APPCS 1440mAh Genuine Battery","249","1"
"ZUBY (Combo Offer Two) Hard Plastic [for Girls Boys] Printed Back Cover for Samsung Galaxy M21","299","1"
"Case Creation Samsung Galaxy M31 Transparent Case,Dotted Finish Ultra Thin Silicone Soft Jelly Case Back Cover for Samsung M31 - Transparent Mobile Phone Case,Back Case,Back Cover","199",""
"ShopByShop Back Cover for MI 10 Case Cover Rubberised Matte Soft TPU Flexible Back Cover for MI 10 (Black)","999",""
"MECKWELL A1 Smart Watch Bluetooth Smartwatch Compatible with All Smart Mobile Phones for Boys and Girls - (White)","499",""
"AccWorld® Samsung Galaxy S20 Ultra Edge Front + Back Edge to Edge Full Coverage Screen Guard Screen Protector Buff Guard for Samsung Galaxy S20 Ultra (Transparent)","229",""
"RIdhaniyaa® Galaxy m21 flip Cover [ Shock Proof,Magnetic Closure,360 Degree Dual Protection ] Flip Covers Cases for Samsung M21 / M30s. (Blue)","249",""
"Prograte® Compact Wired Monopod Extendable Selfie Stick with AUX Wire Pocket Size Sefie Stick for All Smartphone","199",""
"ELICA Case for Xiaomi Mi 10 5G, Soft Flexible Silicon Back Cover for Xiaomi Mi 10 5G - Black","99",""
"Nishtech for Realme 5 pro Premium Anti-Fingerprint Scratch Resistant Matte Hammer Proof Impossible Nano Film Screen Protector [Better Than Tempered Glass] Screen Guard","499",""
"KC Dream Shell with Marble Finger Ring Stand Soft Silicone Semi Transparent Back Cover for Samsung Galaxy M31 (Pink)","109",""
"Alakazam Wired Earphones with Immersive Audio, Multi-Function Button, in-line Microphone for All Mobile- Black","359",""
"Rewy BK04 TWS Bluetooth Wireless Earphone with Portable Charging Case Supporting All Smart Phones and Android Phones with Sensor (Random Colour)","299",""
"Cassby Shockproof Kickstand Back Case Cover for Redmi Mi 8A Dual - Black","169",""
"Vomoco ABCD Cigarette Lighter Windproof Rechargeable Flameless Lighter (Multicolor),","189",""
"Disney Girl :: Cartoon :: Samsung M31 Multicolor Mobile Back Cover","",""
"Lustree Redmi Note 9 Pro Back Screen Protector Film Carbon Fiber Finish Ultra Thin Scratch Resistant Safety Protective Film for Redmi Note 9 Pro/Redmi Note 9 Pro Max (Black Carbonn)","149","6"
"KC Lucky Cat Cartoon White Stripes Soft Bumper Silicone Shockproof Back Cover for Samsung Galaxy M31 (Black)","599","1"
"Meckwell A1 Touchscreen Smart Watch Bluetooth Smartwatch, Compatible with All Mobile Phones for Boys and Girls -{(Gold), by Meckwell}","999","193"
"CoKo iPhone SE 2020 Tempered Glass Screen Protector","149","24"
"MINISO Classic High Pitch Strong Bass in-Ear Headphones(Black) for Android, iOS mobiles Phones with HD Sound, in-line mic & 3.5mm Jack Wired Earphones","350","54"
"MINISO 1318 Wire Control in-Ear Aluminum Earphones with HD Sound, in-line mic & 3.5mm Jack Wired Headphone for Android iOS Mobile Phones","490",""
"Cassby Shockproof Kickstand Back Case Cover for OnePlus 5 - Black","299",""
"UTRONICS™ Mobile Battery for Redmi 4A / Mi 4A / BN30 3120mAh Genuine Battery","599",""
"Vikeko Square Ring Holder Kickstand 360 Rotational Clip Flexible Rubber Bumper Frame Slim Fit Hard Protective Back Cover for Poco X2,Redmi K30(Black)","499",""
"ZUBY (Combo Offer Two) Hard Plastic [for Girls Boys] Printed Back Cover for Samsung Galaxy M31 (Buy 1 Get 1 Free)","249",""
"Soezit Tempered Glass Screen Protector Shield for iPhone SE 2020","149",""
"Golden Sand Redmi Note 9 Pro Back Cover Drop Tested Shock Proof Slim Armor Aramid Carbon Fibre Rugged TPU Case for Redmi Note 9 Pro Max, Mirage Black","599",""
"Lustree Huawei Y9S Case Cover [Protective + Anti Shock Proof CASE], Huawei Y9S Dual Back Cover Case - Lustree Candy Silicon Case","199",""
"iXport™ Apple Watch Charging Holder Dock,Waterproof Charger Cases and Sport Hard Protective,Portable Travel Carry Case Fit for iWatch Series 1/2/3/4 38mm/42mm/40mm/44mm Accessory,Black","599",""
"xmt Mobile Battery for ACER Liquid Z630 Z630s T03 T04 BAT-T11 4000 mAh","848",""
"Cassby Shockproof Kickstand Back Case Cover for Realme 5 Pro - Blue","299",""
"Pikkme Galaxy M30s Flip Cover Magnetic Leather Wallet Case Shockproof TPU for Samsung Galaxy M30s (Blown)","399",""
"SharpEseller Soft & Flexible Transparent Back Phone Case for Lenovo K10 Note (Transparent)","149",""
"(Renewed) AmazonBasics Apple Certified - Type-C USB to Lightning - Nylon Braided - Fast Charging MFI Certified iPhone Charger Cable - 3-Foot - Black","552",""
"Shengshou Mobile Back Cover for Motorola Moto X4 Design Pattern ABC769T34428","199",""
"RAEGR Arc 400 Type-C PD Qi-Certified 10W/7.5W Fast Wireless Charger with Fireproof ABS for iPhone11/11Pro/11Pro Max/Xs/Xs MAX/XR/X/8/8Plus,Galaxy S20+/Note10/Note10+/S10/S10Plus/S10E/Note9/S9 - White RG10122","999",""
"Nishtech for Oneplus 6T (2019) Premium Anti-Fingerprint Scratch Resistant Matte Hammer Proof Impossible Nano Film Screen Protector [Better Than Tempered Glass] Screen Guard","149",""
"UTRONICS™ Mobile Battery for Nokia BL-5C / Nokia 5C / BL5C 1050mAh Genuine Battery","299",""
"URBAN ARMOR GEAR UAG Monarch Series Patriots [6.9-inch] Crimson Rugged Protection Feather-Light Military Grade Drop Tested Case","4,499",""
"UTRONICS™ Mobile Battery for VIVO Battery Y21L / Y21 / B-65A 1900mAh Genuine Battery","590","168"
"SkyTree Case for Samsung Galaxy M21, Ultra Fit Flip Folio Leather Case Cover with [Kickstand] [Card Slot] Magnetic Closure for Samsung Galaxy M21 - Red","599","24"
"ZIVITE Armor Shockproof Soft TPU and Hard PC Back Cover Case with Magnetic Ring Holder for Vivo V19 - Armor Grey","299","360"
"REALCASE iPhone SE 2020 case, iPhone 8 Case, iPhone 7 Case, Liquid Silicone Gel Rubber Shockproof Protective Back Cover for iPhone SE 2nd (2020) / iPhone 8 / iPhone 7 4.7 inches (S Red)","599","24"
"MINISO Headphones Cushioned Comfortable On-Ear Headphones, Pink","790","24"
"Nishtech for Iphone 6/6S Premium Anti-Fingerprint Scratch Resistant Matte Hammer Proof Impossible Nano Film Screen Protector [Better Than Tempered Glass] Screen Guard","149","1"
"MINISO Classic High Pitch Strong Bass in-Ear Headphones(Red) for Android, iOS mobiles Phones with HD Sound, in-line mic & 3.5mm Jack Wired Earphones","350","1"
"REALCASE iPhone SE 2020 Cases and Covers | Frameless Slim Translucent Hard Back Matte Skin Soft TPU Bumper Corners Shockproof Case Cover for iPhone SE 2020 / iPhone 7 / iPhone 8 (F-Black)","298","24"
"Nishtech for Redmi Note 8 (2019) Premium Anti-Fingerprint Scratch Resistant Matte Hammer Proof Impossible Nano Film Screen Protector [Better Than Tempered Glass] Screen Guard","99",""
"Nishtech for Realme X Premium Anti-Fingerprint Scratch Resistant Matte Hammer Proof Impossible Nano Film Screen Protector [Better Than Tempered Glass] Screen Guard","99",""
"Mapple Avengers/Iron Man Printed Designer Mobile Back Cover for Redmi Note 5 Pro","289",""
"UTRONICS™ Mobile Battery for Samsung Galaxy CORE Prime J2 2000mAh Genuine Battery","599",""
"Tingtong Anti Glare Matte Finish Anti-Fingerprint Tempered Glass Screen Protector for Xiaomi Mi Redmi Note 9 Pro (Matte Transparent)","299",""
"Shengshou Mobile Back Cover for Samsung A51 Design Pattern ABC1204T34262","199",""
"Rewy HT04 HD Big Screen Mobile Enlarged | 3D Screen Projector | Magnifier Eye-Protective/Foldable/Lightweight/Anti-Radiation | Easy to Carry Box Compatible for All Smartphone Devices","89",""
"ZIVITE Armor Shockproof Soft TPU and Hard PC Back Cover Case with Magnetic Ring Holder for Oppo F15 - Armor Black","299",""
"MINISO We Bare Bears in-Ear Headphones with Microphone and Free Storage Bag (Brown)","490",""
"ShopByShop Redmi Note 9 Pro Max/Redmi Note 9 Pro, [Bumper] Exculsive Silicon Transparent with Anti Dust Plugs Shockproof Slim Back Cover Case for Redmi Note 9 Pro/Redmi Note 9 Pro Max","249",""
"UTRONICS™ Mobile Battery for Asus Zenfone 2 Z00AD / ZE551ML / ZE550ML / Z008D C11P1424 2900mAh Genuine Battery","690",""
"Case Creation Latest Samsung A51 Back Case,Ultra Thin 0.3mm Clear Transparent Flexible Soft TPU Slim Back Case Cover for Samsung Galaxy A51 Color - Transparent Full Cover Protection Design","299",""
"Nishtech for Redmi K20/K20 pro (2019) Premium Anti-Fingerprint Scratch Resistant Matte Hammer Proof Impossible Nano Film Screen Protector [Better Than Tempered Glass] Screen Guard","149",""
"Jai Micro USB to 8 Pin Lighting Metal Charger Adapter Converter USB Connector Charging and Data Transfer for iPhone 5 5S 5C 6 6S 7S Plus SE iPad I6-Color May Vary","80",""
"Nokia 3 Silicone Back Cover in Transparent for Nokia 3","49",""
"ADI CREATIONS Double Colour Combination Headphone ThemeDesigner Back case Cover for Realme C3","190",""
"Case Creation Samsung M21 Imported 0.3mm Crystal Clear Totu Silicone Transparent Flexible Soft Corner Protection with TPU Slim Back Case Color Variation Cover for M21","299","1"
"Aarnik Flip Cover for Realme 6 Pro - Executive Brown | Leather Finish | Foldable Stand Case | Wallet Card Slots","299","1"
"SkyTree Case for Samsung Galaxy A51, Ultra Fit Flip Folio Leather Case Cover with [Kickstand] [Card Slot] Magnetic Closure for Samsung Galaxy A51 - Blue","599","1"
"AMBRANE ANB-56 Wireless Neckband Earphones (Silver-Black) @ MONEX","1,299","1"
"Frazil Anti Glare Matte Finish Anti-Fingerprint Tempered Glass Screen Protector for Xiaomi Poco X2 (Matte Transparent)","299","1"
"Case Creation Xiaomi Redmi K20 Pro Transparent Case,Dotted Finish Ultra Thin Silicone Soft Jelly Case Back Cover for Redmi K20 Pro - Transparent Mobile Phone Case,Back Case,Back Cover","299","24"
"Cassby Shockproof Kickstand Back Case Cover for Oppo A83 - Red","299","360"
"RGN Back Cover for Redmi Note 9 Pro, Redmi Note 9 Pro Max","199","24"
"Frazil Anti Glare Matte Finish Anti-Fingerprint Tempered Glass Screen Protector for Samsung Galaxy A71 (Matte Transparent)","299",""
"ELICA Protective + Anti Shock Proof CASE Bump Exclusive Silicon Case for Xiaomi Mi 10 5G - Black","180",""
"UTRONICS™ Mobile Battery for LYF Flame 1 / Flame 8 / RLC01A 2000mAh Genuine Battery","590",""
"Ankirun™ 12V Lead Acid VRLA SMF Suitable to Charge Batteries from 7 to 14AH Battery Charger (12V 1Amp)","299",""
"ZIVITE Armor Shockproof Soft TPU and Hard PC Back Cover Case with Magnetic Ring Holder for Xiaomi Poco F1 - Armor Grey","299",""
"Xefon in-Ear Wired Super Bass Earphone with Mic (Navy Blue)","399",""
"ZUBY (Combo Offer Two) Hard Plastic [for Girls Boys] Printed Back Cover for Realme C3","249",""
"Abooza Smartphone Camera HD Lens Kit Optical Telescope 12X Zoom Lens Universal Clip","499",""
"Case Creation Latest Strong Pro Tempered Glass Screen Protector For Oneplus 7 Pro (2019)/ One Plus 7 Pro (New Launch 2019) (Transparent Clear)","299",""
"ADI CREATIONS Love u Mom & Dad Cross PatternDesigner Back case Cover for Realme C3","190",""
"Vomoco 2-in-1 Waterproof Electric Flameless Ring Lighter USB Rechargeable Windproof with Metal Phone Ring Stand Holder Cellphone Finger Grip 360 Degree Rotation Cool Lighter (Assorted Colour)","219",""
"Mototive 18x Mobile Lens Full HD Quality DSLR Background Blur Monocular Telescope with Tripod Stand and Mobile Camera Clip for All Mobile Phones","1,429",""
"Nishtech for Samsung Galaxy A70/A70S Premium Anti-Fingerprint Scratch Resistant Matte Hammer Proof Impossible Nano Film Screen Protector [Better Than Tempered Glass] Screen Guard","99",""
"REALCASE iPhone SE 2020 Cases and Covers | Frameless Slim Translucent Hard Back Matte Skin Soft TPU Bumper Corners Shockproof Case Cover for iPhone SE 2020 / iPhone 7 / iPhone 8 (F-Red)","249",""
"RIdhaniyaa® Galaxy m21 flip Cover [ Shock Proof,Magnetic Closure,360 Degree Dual Protection ] Flip Covers Cases for Samsung M21 / M30s. (Brown)","229",""
"Nishtech for Iphone XS max Premium Anti-Fingerprint Scratch Resistant Matte Hammer Proof Impossible Nano Film Screen Protector [Better Than Tempered Glass] Screen Guard","99",""
"Aarohi Enterprises Impossible Flexible Unbreakable (Better Than Tempered Glass) Screen Guard (does not cover the edges) for Redmi Note 9 Pro (Back)","99","1"
"JACKSUNSPAREPARTS DESP2500AA Mobile Battery Compatible with PANASONIC P55 NOVO","299","288"
"RICHER BRAND Ys Headphone,Earphones Compatible with Samsung Galaxy A Star, Samsung Galaxy A20, Samsung Galaxy A30, Samsung Galaxy A30s, Samsung Galaxy A40, Samsung Galaxy A5","199","1"
"Lustree Perfect Fitting Hybrid Edge to Edge [Bumper] Side Protection Transparent Back Cover for Huawei Y9S","229",""
"Under Wired-Headset-Earphones-Headphones-No-Mic","148",""
"STARZ Heavy Duty Shockproof for Samsung Galaxy M21 Military Grade Armor Dual Protection Layer Hybrid Kick Stand Back Cover Case for Samsung Galaxy M21","199",""
"UTRONICS™ Mobile Battery for Samsung Galaxy S4 Mini / i9195 / i9198 / B500AE / i9190 / i9192 / B500BE 1900mAh Genuine Battery","599",""
"JPACC ™ Tempered Glass For Samsung Galaxy S10 Lite Full Glue 9H Edge To Edge 11D Tempered Glass For Samsung Galaxy S10 Lite","299",""
"UTRONICS™ Mobile Battery for  HTC Desire 526 / 526G Plus / BOPL4100 2000mAh Genuine Battery","599",""
"Case Creation Designed for Realme X Hybrid Shockproof Transparent Back Cover,Flexible Protective Edges Crystal Clear TPU Corners Back Case Cover for Realme X","299",""
"Mototive 3 in 1 Phone Camera Macro, Wide Angle & Fisheye Clip-On Mobile Lens for All Latest Smartphones","329",""
"KC Glitter Auora with Round Ring Diamond Stand Transparent Silicon Back Cover for Samsung Galaxy M21 (Rose Gold)","599",""
"Grandhit 18x Mobile Lens Full HD Quality DSLR Background Blur Monocular Telescope with Tripod Stand and Mobile Camera Clip for All Mobile Phones","1,279",""
"UTRONICS™ Mobile Battery for Redmi 3 / Redmi 3S / Redmi 3S Prime/Mi 3S / Mi 3S Prime / BM47 4000mAh Genuine Battery","699",""
"Case Creation Latest Oneplus 7 Pro Back Case,Ultra Thin 0.3mm Clear Transparent Flexible Soft TPU Slim Back Case Cover for OnePlus 7 Pro Color - Transparent Full Cover Protection Design","299",""
"Runvy 6D Tempered Glass for Xiaomi Poco X2 / Xiaomi Redmi Note 9 Pro & Note 9 Pro MAX (Black) Edge to Edge Full Screen Coverage with Installation Kit","269",""
"ValueActive Back Cover for OnePlus 8 Case Back Cover Rugged Armor TPU + PC Hybrid Kickstand Back Case/Cover with Ring Holder Designed for OnePlus 8/One Plus 8/1+8 (OnePlus 8, Black)","399",""
"SkyTree Case for Xiaomi Poco F1, Ultra Fit Flip Folio Leather Case Cover with [Kickstand] [Card Slot] Magnetic Closure for Xiaomi Poco F1 - Black","799",""
"Cassby Vivo V19 Tempered Glass Screen Protector","149",""
"Lustree Plain Flexible [Bumper] Transparent Soft Slim Back Cover for Redmi Note 9 Pro Max/Redmi Note 9 Pro","229",""
"Case Creation Brand - Mobile Cover for ASUS ROG Phone 2 (ZS660KL) (Soft & Flexible Back Case), Transparent","299",""
"REALCASE iPhone SE 2020 case, iPhone 8 Case, iPhone 7 Case, Soft Silicone Slim Back Cover Case for iPhone SE 2nd (2020) / iPhone 8 / iPhone 7 4.7 inches, (Red)","199",""
"UTRONICS™ Mobile Battery for Vivo V5 1601 / Vivo V5S / Perfect Selfie 1713 / Vivo Y66 1609 / Vivo Y69 1714 3000mAh Genuine Battery","790",""
"Case Creation Oppo Reno 2F Transparent Case,Dotted Finish Ultra Thin Silicone Soft Jelly Case Back Cover for Oppo Reno 2F - Transparent Mobile Phone Case,Back Case,Back Cover","299",""
